{
  "id": "3420167",
  "name": "电影管理系统",
  "font_family": "iconfont",
  "css_prefix_text": "icon-",
  "description": "",
  "glyphs": [
    {
      "icon_id": "667792",
      "name": "评论",
      "font_class": "pinglun",
      "unicode": "e6ad",
      "unicode_decimal": 59053
    },
    {
      "icon_id": "4889735",
      "name": "评论",
      "font_class": "pinglun1",
      "unicode": "e619",
      "unicode_decimal": 58905
    },
    {
      "icon_id": "6682542",
      "name": "个人简介",
      "font_class": "gerenjianjie",
      "unicode": "e606",
      "unicode_decimal": 58886
    },
    {
      "icon_id": "10939153",
      "name": "简介",
      "font_class": "jianjie",
      "unicode": "e608",
      "unicode_decimal": 58888
    },
    {
      "icon_id": "11372687",
      "name": "评论",
      "font_class": "pinglun2",
      "unicode": "e8b4",
      "unicode_decimal": 59572
    },
    {
      "icon_id": "22378767",
      "name": "设置",
      "font_class": "shezhi",
      "unicode": "e645",
      "unicode_decimal": 58949
    }
  ]
}
